taxon,lineage,conflict,ambiguity_score,scorpio_call,scorpio_support,scorpio_conflict,version,pangolin_version,pangoLEARN_version,pango_version,status,note
hCoV-19/Brazil/MG-LBI1000/2021|2021-08-09,AY.33,0.0,0.9337035751475182,Delta (B.1.617.2-like),0.846200,0.076900,PLEARN-v1.2.81,3.1.14,2021-09-28,v1.2.81,passed_qc,scorpio call: Alt alleles 11; Ref alleles 1; Amb alleles 1; Oth alleles 0
hCoV-19/Brazil/MG-LBI1001/2021|2021-08-09,AY.33,0.0,0.9568760611205432,Delta (B.1.617.2-like),0.769200,0.153800,PLEARN-v1.2.81,3.1.14,2021-09-28,v1.2.81,passed_qc,scorpio call: Alt alleles 10; Ref alleles 2; Amb alleles 1; Oth alleles 0
hCoV-19/Brazil/MG-LBI1002/2021|2021-09-09,AY.33,0.0,0.9540347293156282,Delta (B.1.617.2-like),0.846200,0.076900,PLEARN-v1.2.81,3.1.14,2021-09-28,v1.2.81,passed_qc,scorpio call: Alt alleles 11; Ref alleles 1; Amb alleles 1; Oth alleles 0
hCoV-19/Brazil/MG-LBI1003/2021|2021-09-09,AY.34,0.0,0.938126512270999,Delta (B.1.617.2-like),0.923100,0.000000,PLEARN-v1.2.81,3.1.14,2021-09-28,v1.2.81,passed_qc,scorpio call: Alt alleles 12; Ref alleles 0; Amb alleles 1; Oth alleles 0
hCoV-19/Brazil/MG-LBI1005/2021|2021-09-07,AY.33,0.0,0.9110244594115562,Delta (B.1.617.2-like),0.923100,0.000000,PLEARN-v1.2.81,3.1.14,2021-09-28,v1.2.81,passed_qc,scorpio call: Alt alleles 12; Ref alleles 0; Amb alleles 1; Oth alleles 0
hCoV-19/Brazil/MG-LBI1006/2021|2021-09-09,AY.33,0.0,0.906761565836299,Delta (B.1.617.2-like),0.923100,0.000000,PLEARN-v1.2.81,3.1.14,2021-09-28,v1.2.81,passed_qc,scorpio call: Alt alleles 12; Ref alleles 0; Amb alleles 1; Oth alleles 0
hCoV-19/Brazil/MG-LBI1007/2021|2021-09-08,AY.33,0.0,0.892972972972973,Delta (B.1.617.2-like),0.846200,0.076900,PLEARN-v1.2.81,3.1.14,2021-09-28,v1.2.81,passed_qc,scorpio call: Alt alleles 11; Ref alleles 1; Amb alleles 1; Oth alleles 0
hCoV-19/Brazil/MG-LBI1008/2021|2021-09-06,AY.33,0.0,0.9075391180654339,Delta (B.1.617.2-like),0.846200,0.076900,PLEARN-v1.2.81,3.1.14,2021-09-28,v1.2.81,passed_qc,scorpio call: Alt alleles 11; Ref alleles 1; Amb alleles 1; Oth alleles 0
hCoV-19/Brazil/MG-LBI1009/2021|2021-09-08,AY.33,0.0,0.8873596522998913,Delta (B.1.617.2-like),0.846200,0.076900,PLEARN-v1.2.81,3.1.14,2021-09-28,v1.2.81,passed_qc,scorpio call: Alt alleles 11; Ref alleles 1; Amb alleles 1; Oth alleles 0
hCoV-19/Brazil/MG-LBI1018/2021|2021-08-30,AY.33,0.0,0.9087033747779751,Delta (B.1.617.2-like),0.846200,0.076900,PLEARN-v1.2.81,3.1.14,2021-09-28,v1.2.81,passed_qc,scorpio call: Alt alleles 11; Ref alleles 1; Amb alleles 1; Oth alleles 0
hCoV-19/Brazil/MG-LBI1019/2021|2021-08-30,AY.25,0.0,0.9055931599572498,Delta (B.1.617.2-like),0.769200,0.076900,PLEARN-v1.2.81,3.1.14,2021-09-28,v1.2.81,passed_qc,scorpio call: Alt alleles 10; Ref alleles 1; Amb alleles 2; Oth alleles 0
hCoV-19/Brazil/MG-LBI1020/2021|2021-08-31,AY.33,0.0,0.8755490483162518,Delta (B.1.617.2-like),0.846200,0.076900,PLEARN-v1.2.81,3.1.14,2021-09-28,v1.2.81,passed_qc,scorpio call: Alt alleles 11; Ref alleles 1; Amb alleles 1; Oth alleles 0
hCoV-19/Brazil/MG-LBI1021/2021|2021-09-01,AY.33,0.0,0.7943485086342229,Delta (B.1.617.2-like),0.692300,0.076900,PLEARN-v1.2.81,3.1.14,2021-09-28,v1.2.81,passed_qc,scorpio call: Alt alleles 9; Ref alleles 1; Amb alleles 3; Oth alleles 0
hCoV-19/Brazil/MG-LBI1022/2021|2021-09-01,AY.33,0.0,0.8354814253222138,Delta (B.1.617.2-like),0.769200,0.076900,PLEARN-v1.2.81,3.1.14,2021-09-28,v1.2.81,passed_qc,scorpio call: Alt alleles 10; Ref alleles 1; Amb alleles 2; Oth alleles 0
hCoV-19/Brazil/MG-LBI1024/2021|2021-09-03,AY.33,0.0,0.7607906413876563,Delta (B.1.617.2-like),0.692300,0.076900,PLEARN-v1.2.81,3.1.14,2021-09-28,v1.2.81,passed_qc,scorpio call: Alt alleles 9; Ref alleles 1; Amb alleles 3; Oth alleles 0
hCoV-19/Brazil/MG-LBI1025/2021|2021-09-03,AY.33,0.0,0.8618006669136717,Delta (B.1.617.2-like),0.692300,0.076900,PLEARN-v1.2.81,3.1.14,2021-09-28,v1.2.81,passed_qc,scorpio call: Alt alleles 9; Ref alleles 1; Amb alleles 3; Oth alleles 0
hCoV-19/Brazil/MG-LBI1026/2021|2021-09-01,AY.33,0.0,0.9273743016759777,Delta (B.1.617.2-like),0.846200,0.076900,PLEARN-v1.2.81,3.1.14,2021-09-28,v1.2.81,passed_qc,scorpio call: Alt alleles 11; Ref alleles 1; Amb alleles 1; Oth alleles 0
hCoV-19/Brazil/MG-LBI1027/2021|2021-08-30,AY.33,0.0,0.9156371337804448,Delta (B.1.617.2-like),0.846200,0.076900,PLEARN-v1.2.81,3.1.14,2021-09-28,v1.2.81,passed_qc,scorpio call: Alt alleles 11; Ref alleles 1; Amb alleles 1; Oth alleles 0
hCoV-19/Brazil/MG-LBI1028/2021|2021-08-30,AY.33,0.0,0.813441483198146,Delta (B.1.617.2-like),0.692300,0.076900,PLEARN-v1.2.81,3.1.14,2021-09-28,v1.2.81,passed_qc,scorpio call: Alt alleles 9; Ref alleles 1; Amb alleles 3; Oth alleles 0
hCoV-19/Brazil/MG-LBI1029/2021|2021-08-31,AY.33,0.0,0.8812818645302258,Delta (B.1.617.2-like),0.769200,0.076900,PLEARN-v1.2.81,3.1.14,2021-09-28,v1.2.81,passed_qc,scorpio call: Alt alleles 10; Ref alleles 1; Amb alleles 2; Oth alleles 0
hCoV-19/Brazil/MG-LBI1030/2021|2021-08-31,AY.33,0.0,0.9114103472714387,Delta (B.1.617.2-like),0.846200,0.076900,PLEARN-v1.2.81,3.1.14,2021-09-28,v1.2.81,passed_qc,scorpio call: Alt alleles 11; Ref alleles 1; Amb alleles 1; Oth alleles 0
hCoV-19/Brazil/MG-LBI1031/2021|2021-08-31,AY.33,0.0,0.863905325443787,Delta (B.1.617.2-like),0.846200,0.076900,PLEARN-v1.2.81,3.1.14,2021-09-28,v1.2.81,passed_qc,scorpio call: Alt alleles 11; Ref alleles 1; Amb alleles 1; Oth alleles 0
hCoV-19/Brazil/MG-LBI1032/2021|2021-08-30,AY.33,0.0,0.8747252747252747,Delta (B.1.617.2-like),0.846200,0.076900,PLEARN-v1.2.81,3.1.14,2021-09-28,v1.2.81,passed_qc,scorpio call: Alt alleles 11; Ref alleles 1; Amb alleles 1; Oth alleles 0
hCoV-19/Brazil/MG-LBI1033/2021|2021-08-30,AY.33,0.0,0.8528752800597461,Delta (B.1.617.2-like),0.692300,0.076900,PLEARN-v1.2.81,3.1.14,2021-09-28,v1.2.81,passed_qc,scorpio call: Alt alleles 9; Ref alleles 1; Amb alleles 3; Oth alleles 0
hCoV-19/Brazil/MG-LBI1034/2021|2021-08-30,AY.33,0.0,0.7456104532462229,Delta (B.1.617.2-like),0.615400,0.000000,PLEARN-v1.2.81,3.1.14,2021-09-28,v1.2.81,passed_qc,scorpio call: Alt alleles 8; Ref alleles 0; Amb alleles 5; Oth alleles 0
hCoV-19/Brazil/MG-LBI1035/2021|2021-08-30,AY.33,0.0,0.7461224489795919,Delta (B.1.617.2-like),0.615400,0.076900,PLEARN-v1.2.81,3.1.14,2021-09-28,v1.2.81,passed_qc,scorpio call: Alt alleles 8; Ref alleles 1; Amb alleles 4; Oth alleles 0
hCoV-19/Brazil/MG-LBI1036/2021|2021-08-30,AY.33,0.0,0.8973438621679828,Delta (B.1.617.2-like),0.769200,0.076900,PLEARN-v1.2.81,3.1.14,2021-09-28,v1.2.81,passed_qc,scorpio call: Alt alleles 10; Ref alleles 1; Amb alleles 2; Oth alleles 0
hCoV-19/Brazil/MG-LBI1037/2021|2021-08-30,AY.33,0.0,0.8949640287769784,Delta (B.1.617.2-like),0.846200,0.076900,PLEARN-v1.2.81,3.1.14,2021-09-28,v1.2.81,passed_qc,scorpio call: Alt alleles 11; Ref alleles 1; Amb alleles 1; Oth alleles 0
hCoV-19/Brazil/MG-LBI1038/2021|2021-08-31,AY.33,0.0,0.8609566184649611,Delta (B.1.617.2-like),0.692300,0.076900,PLEARN-v1.2.81,3.1.14,2021-09-28,v1.2.81,passed_qc,scorpio call: Alt alleles 9; Ref alleles 1; Amb alleles 3; Oth alleles 0
hCoV-19/Brazil/MG-LBI1039/2021|2021-08-30,AY.6,0.0,0.945054945054945,Delta (B.1.617.2-like),0.846200,0.076900,PLEARN-v1.2.81,3.1.14,2021-09-28,v1.2.81,passed_qc,scorpio call: Alt alleles 11; Ref alleles 1; Amb alleles 1; Oth alleles 0
hCoV-19/Brazil/MG-LBI1040/2021|2021-08-30,AY.6,0.0,0.9190710767065446,Delta (B.1.617.2-like),0.846200,0.076900,PLEARN-v1.2.81,3.1.14,2021-09-28,v1.2.81,passed_qc,scorpio call: Alt alleles 11; Ref alleles 1; Amb alleles 1; Oth alleles 0
hCoV-19/Brazil/MG-LBI1041/2021|2021-08-30,AY.33,0.0,0.9171660204441311,Delta (B.1.617.2-like),0.846200,0.076900,PLEARN-v1.2.81,3.1.14,2021-09-28,v1.2.81,passed_qc,scorpio call: Alt alleles 11; Ref alleles 1; Amb alleles 1; Oth alleles 0
hCoV-19/Brazil/MG-LBI1042/2021|2021-08-30,AY.33,0.0,0.6933219906422798,Delta (B.1.617.2-like),0.615400,0.076900,PLEARN-v1.2.81,3.1.14,2021-09-28,v1.2.81,passed_qc,scorpio call: Alt alleles 8; Ref alleles 1; Amb alleles 4; Oth alleles 0
hCoV-19/Brazil/MG-LBI1043/2021|2021-09-02,AY.33,0.0,0.8411920030177291,Delta (B.1.617.2-like),0.692300,0.076900,PLEARN-v1.2.81,3.1.14,2021-09-28,v1.2.81,passed_qc,scorpio call: Alt alleles 9; Ref alleles 1; Amb alleles 3; Oth alleles 0
hCoV-19/Brazil/MG-LBI1044/2021|2021-08-30,AY.33,0.0,0.7337180544105524,Delta (B.1.617.2-like),0.769200,0.000000,PLEARN-v1.2.81,3.1.14,2021-09-28,v1.2.81,passed_qc,scorpio call: Alt alleles 10; Ref alleles 0; Amb alleles 3; Oth alleles 0
hCoV-19/Brazil/MG-LBI1045/2021|2021-07-17,B.1.617.2,0.0,0.9167842031029619,Delta (B.1.617.2-like),1.000000,0.000000,PLEARN-v1.2.81,3.1.14,2021-09-28,v1.2.81,passed_qc,scorpio call: Alt alleles 13; Ref alleles 0; Amb alleles 0; Oth alleles 0
hCoV-19/Brazil/MG-LBI1045/2021|2021-08-30,AY.33,0.0,0.7226611226611226,Delta (B.1.617.2-like),0.538500,0.000000,PLEARN-v1.2.81,3.1.14,2021-09-28,v1.2.81,passed_qc,scorpio call: Alt alleles 7; Ref alleles 0; Amb alleles 6; Oth alleles 0
hCoV-19/Brazil/MG-LBI1046/2021|2021-07-20,AY.23,0.0,0.7881656804733728,Delta (B.1.617.2-like),0.769200,0.000000,PLEARN-v1.2.81,3.1.14,2021-09-28,v1.2.81,passed_qc,scorpio call: Alt alleles 10; Ref alleles 0; Amb alleles 3; Oth alleles 0
hCoV-19/Brazil/MG-LBI1047/2021|2021-06-15,B.1.617.2,0.0,0.8202764976958525,Delta (B.1.617.2-like),0.846200,0.000000,PLEARN-v1.2.81,3.1.14,2021-09-28,v1.2.81,passed_qc,scorpio call: Alt alleles 11; Ref alleles 0; Amb alleles 2; Oth alleles 0
hCoV-19/Brazil/MG-LBI1048/2021|2021-07-18,AY.23,0.0,0.7881656804733728,Delta (B.1.617.2-like),0.769200,0.000000,PLEARN-v1.2.81,3.1.14,2021-09-28,v1.2.81,passed_qc,scorpio call: Alt alleles 10; Ref alleles 0; Amb alleles 3; Oth alleles 0
hCoV-19/Brazil/MG-LBI1049/2021|2021-07-16,AY.33,0.0,0.5830258302583026,Delta (B.1.617.2-like),0.615400,0.000000,PLEARN-v1.2.81,3.1.14,2021-09-28,v1.2.81,passed_qc,scorpio call: Alt alleles 8; Ref alleles 0; Amb alleles 5; Oth alleles 0
hCoV-19/Brazil/MG-LBI1050/2021|2021-07-12,AY.4,0.0,0.6626033957335655,Delta (B.1.617.2-like),0.846200,0.000000,PLEARN-v1.2.81,3.1.14,2021-09-28,v1.2.81,passed_qc,scorpio call: Alt alleles 11; Ref alleles 0; Amb alleles 2; Oth alleles 0
hCoV-19/Brazil/MG-LBI1051/2021|2021-07-13,B.1.617.2,0.0,0.8202764976958525,Delta (B.1.617.2-like),0.846200,0.000000,PLEARN-v1.2.81,3.1.14,2021-09-28,v1.2.81,passed_qc,scorpio call: Alt alleles 11; Ref alleles 0; Amb alleles 2; Oth alleles 0
hCoV-19/Brazil/MG-LBI1052/2021|2021-07-20,B.1.617.2,0.0,0.9993485342019544,Delta (B.1.617.2-like),1.000000,0.000000,PLEARN-v1.2.81,3.1.14,2021-09-28,v1.2.81,passed_qc,scorpio call: Alt alleles 13; Ref alleles 0; Amb alleles 0; Oth alleles 0
hCoV-19/Brazil/MG-LBI1053/2021|2021-07-27,B.1.617.2,0.0,1.0,Delta (B.1.617.2-like),1.000000,0.000000,PLEARN-v1.2.81,3.1.14,2021-09-28,v1.2.81,passed_qc,scorpio call: Alt alleles 13; Ref alleles 0; Amb alleles 0; Oth alleles 0
hCoV-19/Brazil/MG-LBI1054/2021|2021-07-26,B.1.617.2,0.0,1.0,Delta (B.1.617.2-like),1.000000,0.000000,PLEARN-v1.2.81,3.1.14,2021-09-28,v1.2.81,passed_qc,scorpio call: Alt alleles 13; Ref alleles 0; Amb alleles 0; Oth alleles 0
hCoV-19/Brazil/MG-LBI1055/2021|2021-07-30,B.1.617.2,0.0,0.9817699701690421,Delta (B.1.617.2-like),1.000000,0.000000,PLEARN-v1.2.81,3.1.14,2021-09-28,v1.2.81,passed_qc,scorpio call: Alt alleles 13; Ref alleles 0; Amb alleles 0; Oth alleles 0
hCoV-19/Brazil/MG-LBI1056/2021|2021-07-28,B.1.617.2,0.0,1.0,Delta (B.1.617.2-like),1.000000,0.000000,PLEARN-v1.2.81,3.1.14,2021-09-28,v1.2.81,passed_qc,scorpio call: Alt alleles 13; Ref alleles 0; Amb alleles 0; Oth alleles 0
hCoV-19/Brazil/MG-LBI1057/2021|2021-07-29,B.1.617.2,0.0,1.0,Delta (B.1.617.2-like),1.000000,0.000000,PLEARN-v1.2.81,3.1.14,2021-09-28,v1.2.81,passed_qc,scorpio call: Alt alleles 13; Ref alleles 0; Amb alleles 0; Oth alleles 0
hCoV-19/Brazil/MG-LBI1058/2021|2021-07-26,B.1.617.2,0.0,1.0,Delta (B.1.617.2-like),1.000000,0.000000,PLEARN-v1.2.81,3.1.14,2021-09-28,v1.2.81,passed_qc,scorpio call: Alt alleles 13; Ref alleles 0; Amb alleles 0; Oth alleles 0
hCoV-19/Brazil/MG-LBI1059/2021|2021-06-27,B.1.617.2,0.0,1.0,Delta (B.1.617.2-like),1.000000,0.000000,PLEARN-v1.2.81,3.1.14,2021-09-28,v1.2.81,passed_qc,scorpio call: Alt alleles 13; Ref alleles 0; Amb alleles 0; Oth alleles 0
hCoV-19/Brazil/MG-LBI1060/2021|2021-07-29,B.1.617.2,0.0,1.0,Delta (B.1.617.2-like),1.000000,0.000000,PLEARN-v1.2.81,3.1.14,2021-09-28,v1.2.81,passed_qc,scorpio call: Alt alleles 13; Ref alleles 0; Amb alleles 0; Oth alleles 0
hCoV-19/Brazil/MG-LBI1061/2021|2021-08-02,B.1.617.2,0.0,1.0,Delta (B.1.617.2-like),1.000000,0.000000,PLEARN-v1.2.81,3.1.14,2021-09-28,v1.2.81,passed_qc,scorpio call: Alt alleles 13; Ref alleles 0; Amb alleles 0; Oth alleles 0
hCoV-19/Brazil/MG-LBI1062/2021|2021-08-02,B.1.617.2,0.0,1.0,Delta (B.1.617.2-like),1.000000,0.000000,PLEARN-v1.2.81,3.1.14,2021-09-28,v1.2.81,passed_qc,scorpio call: Alt alleles 13; Ref alleles 0; Amb alleles 0; Oth alleles 0
hCoV-19/Brazil/MG-LBI1063/2021|2021-08-03,B.1.617.2,0.0,0.9980430528375734,Delta (B.1.617.2-like),1.000000,0.000000,PLEARN-v1.2.81,3.1.14,2021-09-28,v1.2.81,passed_qc,scorpio call: Alt alleles 13; Ref alleles 0; Amb alleles 0; Oth alleles 0
hCoV-19/Brazil/MG-LBI1064/2021|2021-08-01,B.1.617.2,0.0,1.0,Delta (B.1.617.2-like),1.000000,0.000000,PLEARN-v1.2.81,3.1.14,2021-09-28,v1.2.81,passed_qc,scorpio call: Alt alleles 13; Ref alleles 0; Amb alleles 0; Oth alleles 0
hCoV-19/Brazil/MG-LBI1065/2021|2021-08-04,B.1.617.2,0.0,0.9996743731683491,Delta (B.1.617.2-like),1.000000,0.000000,PLEARN-v1.2.81,3.1.14,2021-09-28,v1.2.81,passed_qc,scorpio call: Alt alleles 13; Ref alleles 0; Amb alleles 0; Oth alleles 0
hCoV-19/Brazil/MG-LBI1066/2021|2021-08-01,AY.33,0.0,0.9894736842105263,Delta (B.1.617.2-like),0.923100,0.000000,PLEARN-v1.2.81,3.1.14,2021-09-28,v1.2.81,passed_qc,scorpio call: Alt alleles 12; Ref alleles 0; Amb alleles 1; Oth alleles 0
hCoV-19/Brazil/MG-LBI1067/2021|2021-08-02,B.1.617.2,0.0,0.9947643979057592,Delta (B.1.617.2-like),1.000000,0.000000,PLEARN-v1.2.81,3.1.14,2021-09-28,v1.2.81,passed_qc,scorpio call: Alt alleles 13; Ref alleles 0; Amb alleles 0; Oth alleles 0
hCoV-19/Brazil/MG-LBI1068/2021|2021-07-27,B.1.617.2,0.0,0.9990224828934506,Delta (B.1.617.2-like),1.000000,0.000000,PLEARN-v1.2.81,3.1.14,2021-09-28,v1.2.81,passed_qc,scorpio call: Alt alleles 13; Ref alleles 0; Amb alleles 0; Oth alleles 0
hCoV-19/Brazil/MG-LBI1069/2021|2021-08-02,B.1.617.2,0.0,1.0,Delta (B.1.617.2-like),1.000000,0.000000,PLEARN-v1.2.81,3.1.14,2021-09-28,v1.2.81,passed_qc,scorpio call: Alt alleles 13; Ref alleles 0; Amb alleles 0; Oth alleles 0
hCoV-19/Brazil/MG-LBI1070/2021|2021-07-27,B.1.617.2,0.0,1.0,Delta (B.1.617.2-like),1.000000,0.000000,PLEARN-v1.2.81,3.1.14,2021-09-28,v1.2.81,passed_qc,scorpio call: Alt alleles 13; Ref alleles 0; Amb alleles 0; Oth alleles 0
hCoV-19/Brazil/MG-LBI1071/2021|2021-08-02,B.1.617.2,0.0,1.0,Delta (B.1.617.2-like),1.000000,0.000000,PLEARN-v1.2.81,3.1.14,2021-09-28,v1.2.81,passed_qc,scorpio call: Alt alleles 13; Ref alleles 0; Amb alleles 0; Oth alleles 0
hCoV-19/Brazil/MG-LBI1072/2021|2021-07-24,B.1.617.2,0.0,0.9973890339425587,Delta (B.1.617.2-like),1.000000,0.000000,PLEARN-v1.2.81,3.1.14,2021-09-28,v1.2.81,passed_qc,scorpio call: Alt alleles 13; Ref alleles 0; Amb alleles 0; Oth alleles 0
hCoV-19/Brazil/MG-LBI1073/2021|2021-08-03,B.1.617.2,0.0,0.9967341606792945,Delta (B.1.617.2-like),1.000000,0.000000,PLEARN-v1.2.81,3.1.14,2021-09-28,v1.2.81,passed_qc,scorpio call: Alt alleles 13; Ref alleles 0; Amb alleles 0; Oth alleles 0
hCoV-19/Brazil/MG-LBI1074/2021|2021-08-03,B.1.617.2,0.0,1.0,Delta (B.1.617.2-like),1.000000,0.000000,PLEARN-v1.2.81,3.1.14,2021-09-28,v1.2.81,passed_qc,scorpio call: Alt alleles 13; Ref alleles 0; Amb alleles 0; Oth alleles 0
hCoV-19/Brazil/MG-LBI1075/2021|2021-08-02,B.1.617.2,0.0,1.0,Delta (B.1.617.2-like),1.000000,0.000000,PLEARN-v1.2.81,3.1.14,2021-09-28,v1.2.81,passed_qc,scorpio call: Alt alleles 13; Ref alleles 0; Amb alleles 0; Oth alleles 0
hCoV-19/Brazil/MG-LBI1076/2021|2021-08-04,B.1.617.2,0.0,1.0,Delta (B.1.617.2-like),1.000000,0.000000,PLEARN-v1.2.81,3.1.14,2021-09-28,v1.2.81,passed_qc,scorpio call: Alt alleles 13; Ref alleles 0; Amb alleles 0; Oth alleles 0
hCoV-19/Brazil/MG-LBI1077/2021|2021-08-11,B.1.617.2,0.0,0.9821073558648111,Delta (B.1.617.2-like),1.000000,0.000000,PLEARN-v1.2.81,3.1.14,2021-09-28,v1.2.81,passed_qc,scorpio call: Alt alleles 13; Ref alleles 0; Amb alleles 0; Oth alleles 0
hCoV-19/Brazil/MG-LBI1078/2021|2021-08-11,B.1.617.2,0.0,0.9708542713567839,Delta (B.1.617.2-like),1.000000,0.000000,PLEARN-v1.2.81,3.1.14,2021-09-28,v1.2.81,passed_qc,scorpio call: Alt alleles 13; Ref alleles 0; Amb alleles 0; Oth alleles 0
hCoV-19/Brazil/MG-LBI1079/2021|2021-08-08,B.1.617.2,0.0,0.9725752508361204,Delta (B.1.617.2-like),1.000000,0.000000,PLEARN-v1.2.81,3.1.14,2021-09-28,v1.2.81,passed_qc,scorpio call: Alt alleles 13; Ref alleles 0; Amb alleles 0; Oth alleles 0
hCoV-19/Brazil/MG-LBI1080/2021|2021-08-08,B.1.617.2,0.0,0.9729187562688064,Delta (B.1.617.2-like),1.000000,0.000000,PLEARN-v1.2.81,3.1.14,2021-09-28,v1.2.81,passed_qc,scorpio call: Alt alleles 13; Ref alleles 0; Amb alleles 0; Oth alleles 0
hCoV-19/Brazil/MG-LBI1081/2021|2021-08-10,B.1.617.2,0.0,0.9908015768725361,Delta (B.1.617.2-like),1.000000,0.000000,PLEARN-v1.2.81,3.1.14,2021-09-28,v1.2.81,passed_qc,scorpio call: Alt alleles 13; Ref alleles 0; Amb alleles 0; Oth alleles 0
hCoV-19/Brazil/MG-LBI1082/2021|2021-08-10,B.1.617.2,0.0,0.9891411648568608,Delta (B.1.617.2-like),1.000000,0.000000,PLEARN-v1.2.81,3.1.14,2021-09-28,v1.2.81,passed_qc,scorpio call: Alt alleles 13; Ref alleles 0; Amb alleles 0; Oth alleles 0
hCoV-19/Brazil/MG-LBI1083/2021|2021-08-09,B.1.617.2,0.0,0.9941060903732809,Delta (B.1.617.2-like),1.000000,0.000000,PLEARN-v1.2.81,3.1.14,2021-09-28,v1.2.81,passed_qc,scorpio call: Alt alleles 13; Ref alleles 0; Amb alleles 0; Oth alleles 0
hCoV-19/Brazil/MG-LBI1084/2021|2021-08-12,B.1.617.2,0.0,0.9881422924901185,Delta (B.1.617.2-like),0.923100,0.000000,PLEARN-v1.2.81,3.1.14,2021-09-28,v1.2.81,passed_qc,scorpio call: Alt alleles 12; Ref alleles 0; Amb alleles 1; Oth alleles 0; scorpio replaced lineage assignment B.1
hCoV-19/Brazil/MG-LBI1085/2021|2021-08-09,B.1.617.2,0.0,0.9970617042115573,Delta (B.1.617.2-like),1.000000,0.000000,PLEARN-v1.2.81,3.1.14,2021-09-28,v1.2.81,passed_qc,scorpio call: Alt alleles 13; Ref alleles 0; Amb alleles 0; Oth alleles 0
hCoV-19/Brazil/MG-LBI1086/2021|2021-08-27,B.1.617.2,0.0,0.9986962190352021,Delta (B.1.617.2-like),1.000000,0.000000,PLEARN-v1.2.81,3.1.14,2021-09-28,v1.2.81,passed_qc,scorpio call: Alt alleles 13; Ref alleles 0; Amb alleles 0; Oth alleles 0
hCoV-19/Brazil/MG-LBI1087/2021|2021-08-27,B.1.617.2,0.0,0.9990224828934506,Delta (B.1.617.2-like),1.000000,0.000000,PLEARN-v1.2.81,3.1.14,2021-09-28,v1.2.81,passed_qc,scorpio call: Alt alleles 13; Ref alleles 0; Amb alleles 0; Oth alleles 0
hCoV-19/Brazil/MG-LBI1088/2021|2021-08-23,B.1.617.2,0.0,1.0,Delta (B.1.617.2-like),1.000000,0.000000,PLEARN-v1.2.81,3.1.14,2021-09-28,v1.2.81,passed_qc,scorpio call: Alt alleles 13; Ref alleles 0; Amb alleles 0; Oth alleles 0
hCoV-19/Brazil/MG-LBI1089/2021|2021-08-29,B.1.617.2,0.0,1.0,Delta (B.1.617.2-like),1.000000,0.000000,PLEARN-v1.2.81,3.1.14,2021-09-28,v1.2.81,passed_qc,scorpio call: Alt alleles 13; Ref alleles 0; Amb alleles 0; Oth alleles 0
hCoV-19/Brazil/MG-LBI1090/2021|2021-08-30,B.1.617.2,0.0,1.0,Delta (B.1.617.2-like),1.000000,0.000000,PLEARN-v1.2.81,3.1.14,2021-09-28,v1.2.81,passed_qc,scorpio call: Alt alleles 13; Ref alleles 0; Amb alleles 0; Oth alleles 0
hCoV-19/Brazil/MG-LBI1091/2021|2021-08-29,B.1.617.2,0.0,1.0,Delta (B.1.617.2-like),1.000000,0.000000,PLEARN-v1.2.81,3.1.14,2021-09-28,v1.2.81,passed_qc,scorpio call: Alt alleles 13; Ref alleles 0; Amb alleles 0; Oth alleles 0
hCoV-19/Brazil/MG-LBI1092/2021|2021-08-29,B.1.617.2,0.0,0.9970617042115573,Delta (B.1.617.2-like),1.000000,0.000000,PLEARN-v1.2.81,3.1.14,2021-09-28,v1.2.81,passed_qc,scorpio call: Alt alleles 13; Ref alleles 0; Amb alleles 0; Oth alleles 0
hCoV-19/Brazil/MG-LBI1093/2021|2021-09-02,B.1.617.2,0.0,0.9986962190352021,Delta (B.1.617.2-like),1.000000,0.000000,PLEARN-v1.2.81,3.1.14,2021-09-28,v1.2.81,passed_qc,scorpio call: Alt alleles 13; Ref alleles 0; Amb alleles 0; Oth alleles 0
hCoV-19/Brazil/MG-LBI735/2021|2021-07-16,AY.4,0.0,0.917928848185981,Delta (B.1.617.2-like),0.846200,0.076900,PLEARN-v1.2.81,3.1.14,2021-09-28,v1.2.81,passed_qc,scorpio call: Alt alleles 11; Ref alleles 1; Amb alleles 1; Oth alleles 0
hCoV-19/Brazil/MG-LBI736/2021|2021-07-16,AY.4,0.0,0.9036402569593147,Delta (B.1.617.2-like),0.846200,0.076900,PLEARN-v1.2.81,3.1.14,2021-09-28,v1.2.81,passed_qc,scorpio call: Alt alleles 11; Ref alleles 1; Amb alleles 1; Oth alleles 0
hCoV-19/Brazil/MG-LBI796/2021|2021-08-16,B.1.617.2,0.0,0.6346666666666667,Delta (B.1.617.2-like),0.461500,0.000000,PLEARN-v1.2.81,3.1.14,2021-09-28,v1.2.81,passed_qc,scorpio call: Alt alleles 6; Ref alleles 0; Amb alleles 7; Oth alleles 0; scorpio replaced lineage assignment B.1
hCoV-19/Brazil/MG-LBI799/2021|2021-08-16,B.1,0.0,0.6443071491615181,,,,PLEARN-v1.2.81,3.1.14,2021-09-28,v1.2.81,passed_qc,
hCoV-19/Brazil/MG-LBI804/2021|2021-08-19,B.1.617.2,0.0,0.5529910504003768,Delta (B.1.617.2-like),0.384600,0.000000,PLEARN-v1.2.81,3.1.14,2021-09-28,v1.2.81,passed_qc,scorpio call: Alt alleles 5; Ref alleles 0; Amb alleles 8; Oth alleles 0; scorpio replaced lineage assignment B.1
hCoV-19/Brazil/MG-LBI806/2021|2021-08-19,B.1.617.2,0.0,0.5440758293838863,Delta (B.1.617.2-like),0.384600,0.076900,PLEARN-v1.2.81,3.1.14,2021-09-28,v1.2.81,passed_qc,scorpio call: Alt alleles 5; Ref alleles 1; Amb alleles 7; Oth alleles 0; scorpio replaced lineage assignment B.1
hCoV-19/Brazil/MG-LBI808/2021|2021-08-16,B.1,0.0,0.6285714285714286,,,,PLEARN-v1.2.81,3.1.14,2021-09-28,v1.2.81,passed_qc,
hCoV-19/Brazil/MG-LBI810/2021|2021-08-16,B.1.617.2,0.0,0.6804123711340206,Delta (B.1.617.2-like),0.461500,0.076900,PLEARN-v1.2.81,3.1.14,2021-09-28,v1.2.81,passed_qc,scorpio call: Alt alleles 6; Ref alleles 1; Amb alleles 6; Oth alleles 0; scorpio replaced lineage assignment B.1
hCoV-19/Brazil/MG-LBI812/2021|2021-08-15,B.1.617.2,0.0,0.7627869512686267,Delta (B.1.617.2-like),0.538500,0.076900,PLEARN-v1.2.81,3.1.14,2021-09-28,v1.2.81,passed_qc,scorpio call: Alt alleles 7; Ref alleles 1; Amb alleles 5; Oth alleles 0; scorpio replaced lineage assignment B.1
hCoV-19/Brazil/MG-LBI813/2021|2021-08-16,B.1.617.2,0.0,0.7741420590582602,Delta (B.1.617.2-like),0.538500,0.000000,PLEARN-v1.2.81,3.1.14,2021-09-28,v1.2.81,passed_qc,scorpio call: Alt alleles 7; Ref alleles 0; Amb alleles 6; Oth alleles 0; scorpio replaced lineage assignment B.1
hCoV-19/Brazil/MG-LBI814/2021|2021-08-19,B.1.617.2,0.0,0.7226611226611226,Delta (B.1.617.2-like),0.538500,0.076900,PLEARN-v1.2.81,3.1.14,2021-09-28,v1.2.81,passed_qc,scorpio call: Alt alleles 7; Ref alleles 1; Amb alleles 5; Oth alleles 0; scorpio replaced lineage assignment B.1
hCoV-19/Brazil/MG-LBI815/2021|2021-08-19,B.1.617.2,0.0,0.6678230702515178,Delta (B.1.617.2-like),0.384600,0.000000,PLEARN-v1.2.81,3.1.14,2021-09-28,v1.2.81,passed_qc,scorpio call: Alt alleles 5; Ref alleles 0; Amb alleles 8; Oth alleles 0; scorpio replaced lineage assignment B.1
hCoV-19/Brazil/MG-LBI821/2021|2021-08-18,B.1.617.2,0.0,0.5590994371482176,Delta (B.1.617.2-like),0.461500,0.076900,PLEARN-v1.2.81,3.1.14,2021-09-28,v1.2.81,passed_qc,scorpio call: Alt alleles 6; Ref alleles 1; Amb alleles 6; Oth alleles 0; scorpio replaced lineage assignment B.1
hCoV-19/Brazil/MG-LBI824/2021|2021-08-11,B.1,0.0,0.5631431244153414,,,,PLEARN-v1.2.81,3.1.14,2021-09-28,v1.2.81,passed_qc,
hCoV-19/Brazil/MG-LBI825/2021|2021-08-06,AY.33,0.0,0.8184615384615385,Delta (B.1.617.2-like),0.769200,0.076900,PLEARN-v1.2.81,3.1.14,2021-09-28,v1.2.81,passed_qc,scorpio call: Alt alleles 10; Ref alleles 1; Amb alleles 2; Oth alleles 0
hCoV-19/Brazil/MG-LBI826/2021|2021-08-17,AY.33,0.0,0.7780429594272076,Delta (B.1.617.2-like),0.769200,0.076900,PLEARN-v1.2.81,3.1.14,2021-09-28,v1.2.81,passed_qc,scorpio call: Alt alleles 10; Ref alleles 1; Amb alleles 2; Oth alleles 0
hCoV-19/Brazil/MG-LBI827/2021|2021-08-17,B.1,0.0,0.609325486645541,,,,PLEARN-v1.2.81,3.1.14,2021-09-28,v1.2.81,passed_qc,
hCoV-19/Brazil/MG-LBI828/2021|2021-08-13,AY.33,0.0,0.7617896009673519,Delta (B.1.617.2-like),0.769200,0.000000,PLEARN-v1.2.81,3.1.14,2021-09-28,v1.2.81,passed_qc,scorpio call: Alt alleles 10; Ref alleles 0; Amb alleles 3; Oth alleles 0
hCoV-19/Brazil/MG-LBI830/2021|2021-08-18,AY.33,0.0,0.7775567051333068,Delta (B.1.617.2-like),0.769200,0.000000,PLEARN-v1.2.81,3.1.14,2021-09-28,v1.2.81,passed_qc,scorpio call: Alt alleles 10; Ref alleles 0; Amb alleles 3; Oth alleles 0
hCoV-19/Brazil/MG-LBI831/2021|2021-08-20,B.1,0.0,0.6036363636363636,,,,PLEARN-v1.2.81,3.1.14,2021-09-28,v1.2.81,passed_qc,
hCoV-19/Brazil/MG-LBI833/2021|2021-08-16,B.1.617.2,0.0,0.7378800328677075,Delta (B.1.617.2-like),0.538500,0.076900,PLEARN-v1.2.81,3.1.14,2021-09-28,v1.2.81,passed_qc,scorpio call: Alt alleles 7; Ref alleles 1; Amb alleles 5; Oth alleles 0; scorpio replaced lineage assignment B.1
hCoV-19/Brazil/MG-LBI834/2021|2021-08-16,B.1.617.2,0.0,0.690537084398977,Delta (B.1.617.2-like),0.538500,0.000000,PLEARN-v1.2.81,3.1.14,2021-09-28,v1.2.81,passed_qc,scorpio call: Alt alleles 7; Ref alleles 0; Amb alleles 6; Oth alleles 0; scorpio replaced lineage assignment B.1
hCoV-19/Brazil/MG-LBI836/2021|2021-08-14,B.1.617.2,0.0,0.6061705989110708,Delta (B.1.617.2-like),0.384600,0.000000,PLEARN-v1.2.81,3.1.14,2021-09-28,v1.2.81,passed_qc,scorpio call: Alt alleles 5; Ref alleles 0; Amb alleles 8; Oth alleles 0; scorpio replaced lineage assignment B.1
hCoV-19/Brazil/MG-LBI837/2021|2021-08-16,B.1.617.2,0.0,0.5856353591160222,Delta (B.1.617.2-like),0.461500,0.076900,PLEARN-v1.2.81,3.1.14,2021-09-28,v1.2.81,passed_qc,scorpio call: Alt alleles 6; Ref alleles 1; Amb alleles 6; Oth alleles 0; scorpio replaced lineage assignment B.1
hCoV-19/Brazil/MG-LBI841/2021|2021-08-16,AY.33,0.0,0.8,Delta (B.1.617.2-like),0.769200,0.076900,PLEARN-v1.2.81,3.1.14,2021-09-28,v1.2.81,passed_qc,scorpio call: Alt alleles 10; Ref alleles 1; Amb alleles 2; Oth alleles 0
hCoV-19/Brazil/MG-LBI842/2021|2021-08-16,AY.33,0.0,0.7582861762328214,Delta (B.1.617.2-like),0.692300,0.000000,PLEARN-v1.2.81,3.1.14,2021-09-28,v1.2.81,passed_qc,scorpio call: Alt alleles 9; Ref alleles 0; Amb alleles 4; Oth alleles 0
hCoV-19/Brazil/MG-LBI847/2021|2021-08-18,AY.33,0.0,0.698856416772554,Delta (B.1.617.2-like),0.384600,0.000000,PLEARN-v1.2.81,3.1.14,2021-09-28,v1.2.81,passed_qc,scorpio call: Alt alleles 5; Ref alleles 0; Amb alleles 8; Oth alleles 0
hCoV-19/Brazil/MG-LBI849/2021|2021-08-19,B.1,0.0,0.6143437077131259,,,,PLEARN-v1.2.81,3.1.14,2021-09-28,v1.2.81,passed_qc,
hCoV-19/Brazil/MG-LBI852/2021|2021-08-09,AY.33,0.0,0.7119496855345913,Delta (B.1.617.2-like),0.538500,0.076900,PLEARN-v1.2.81,3.1.14,2021-09-28,v1.2.81,passed_qc,scorpio call: Alt alleles 7; Ref alleles 1; Amb alleles 5; Oth alleles 0
hCoV-19/Brazil/MG-LBI859/2021|2021,AY.33,0.0,0.6236559139784946,Delta (B.1.617.2-like),0.384600,0.076900,PLEARN-v1.2.81,3.1.14,2021-09-28,v1.2.81,passed_qc,scorpio call: Alt alleles 5; Ref alleles 1; Amb alleles 7; Oth alleles 0
hCoV-19/Brazil/MG-LBI860/2021|2021-08-20,AY.33,0.0,0.7910271546635184,Delta (B.1.617.2-like),0.692300,0.076900,PLEARN-v1.2.81,3.1.14,2021-09-28,v1.2.81,passed_qc,scorpio call: Alt alleles 9; Ref alleles 1; Amb alleles 3; Oth alleles 0
hCoV-19/Brazil/MG-LBI862/2021|2021-08-25,AY.33,0.0,0.7652733118971061,Delta (B.1.617.2-like),0.692300,0.153800,PLEARN-v1.2.81,3.1.14,2021-09-28,v1.2.81,passed_qc,scorpio call: Alt alleles 9; Ref alleles 2; Amb alleles 2; Oth alleles 0
hCoV-19/Brazil/MG-LBI863/2021|2021-08-27,B.1.617.2,0.0,0.5543529411764706,Delta (B.1.617.2-like),0.384600,0.076900,PLEARN-v1.2.81,3.1.14,2021-09-28,v1.2.81,passed_qc,scorpio call: Alt alleles 5; Ref alleles 1; Amb alleles 7; Oth alleles 0; scorpio replaced lineage assignment B.1.509
hCoV-19/Brazil/MG-LBI864/2021|2021-08-25,AY.33,0.0,0.7258399004562422,Delta (B.1.617.2-like),0.692300,0.076900,PLEARN-v1.2.81,3.1.14,2021-09-28,v1.2.81,passed_qc,scorpio call: Alt alleles 9; Ref alleles 1; Amb alleles 3; Oth alleles 0
hCoV-19/Brazil/MG-LBI867/2021|2021-08-23,AY.33,0.0,0.6526315789473685,Delta (B.1.617.2-like),0.615400,0.076900,PLEARN-v1.2.81,3.1.14,2021-09-28,v1.2.81,passed_qc,scorpio call: Alt alleles 8; Ref alleles 1; Amb alleles 4; Oth alleles 0
hCoV-19/Brazil/MG-LBI875/2021|2021-08-26,AY.33,0.0,0.8524467687710123,Delta (B.1.617.2-like),0.692300,0.076900,PLEARN-v1.2.81,3.1.14,2021-09-28,v1.2.81,passed_qc,scorpio call: Alt alleles 9; Ref alleles 1; Amb alleles 3; Oth alleles 0
hCoV-19/Brazil/MG-LBI877/2021|2021-08-25,AY.25,0.0,0.7746310331072995,Delta (B.1.617.2-like),0.615400,0.000000,PLEARN-v1.2.81,3.1.14,2021-09-28,v1.2.81,passed_qc,scorpio call: Alt alleles 8; Ref alleles 0; Amb alleles 5; Oth alleles 0
hCoV-19/Brazil/MG-LBI878/2021|2021-08-26,AY.33,0.0,0.742014742014742,Delta (B.1.617.2-like),0.615400,0.076900,PLEARN-v1.2.81,3.1.14,2021-09-28,v1.2.81,passed_qc,scorpio call: Alt alleles 8; Ref alleles 1; Amb alleles 4; Oth alleles 0
hCoV-19/Brazil/MG-LBI879/2021|2021-08-24,AY.33,0.0,0.7687374749498999,Delta (B.1.617.2-like),0.692300,0.076900,PLEARN-v1.2.81,3.1.14,2021-09-28,v1.2.81,passed_qc,scorpio call: Alt alleles 9; Ref alleles 1; Amb alleles 3; Oth alleles 0
hCoV-19/Brazil/MG-LBI880/2021|2021-08-25,AY.33,0.0,0.7642799678197908,Delta (B.1.617.2-like),0.615400,0.076900,PLEARN-v1.2.81,3.1.14,2021-09-28,v1.2.81,passed_qc,scorpio call: Alt alleles 8; Ref alleles 1; Amb alleles 4; Oth alleles 0
hCoV-19/Brazil/MG-LBI881/2021|2021-08-22,AY.33,0.0,0.6966482817140432,Delta (B.1.617.2-like),0.615400,0.076900,PLEARN-v1.2.81,3.1.14,2021-09-28,v1.2.81,passed_qc,scorpio call: Alt alleles 8; Ref alleles 1; Amb alleles 4; Oth alleles 0
hCoV-19/Brazil/MG-LBI882/2021|2021-08-23,AY.33,0.0,0.8634850166481687,Delta (B.1.617.2-like),0.692300,0.076900,PLEARN-v1.2.81,3.1.14,2021-09-28,v1.2.81,passed_qc,scorpio call: Alt alleles 9; Ref alleles 1; Amb alleles 3; Oth alleles 0
hCoV-19/Brazil/MG-LBI885/2021|2021-08-24,AY.33,0.0,0.6205657835653345,Delta (B.1.617.2-like),0.538500,0.076900,PLEARN-v1.2.81,3.1.14,2021-09-28,v1.2.81,passed_qc,scorpio call: Alt alleles 7; Ref alleles 1; Amb alleles 5; Oth alleles 0
hCoV-19/Brazil/MG-LBI886/2021|2021-08-24,AY.33,0.0,0.5895316804407713,Delta (B.1.617.2-like),0.538500,0.000000,PLEARN-v1.2.81,3.1.14,2021-09-28,v1.2.81,passed_qc,scorpio call: Alt alleles 7; Ref alleles 0; Amb alleles 6; Oth alleles 0
hCoV-19/Brazil/MG-LBI887/2021|2021-08-24,AY.33,0.0,0.6832404629232747,Delta (B.1.617.2-like),0.615400,0.076900,PLEARN-v1.2.81,3.1.14,2021-09-28,v1.2.81,passed_qc,scorpio call: Alt alleles 8; Ref alleles 1; Amb alleles 4; Oth alleles 0
hCoV-19/Brazil/MG-LBI890/2021|2021-08-24,AY.33,0.0,0.7481662591687042,Delta (B.1.617.2-like),0.692300,0.076900,PLEARN-v1.2.81,3.1.14,2021-09-28,v1.2.81,passed_qc,scorpio call: Alt alleles 9; Ref alleles 1; Amb alleles 3; Oth alleles 0
hCoV-19/Brazil/MG-LBI894/2021|2021-08-26,AY.33,0.0,0.7210657785179018,Delta (B.1.617.2-like),0.538500,0.076900,PLEARN-v1.2.81,3.1.14,2021-09-28,v1.2.81,passed_qc,scorpio call: Alt alleles 7; Ref alleles 1; Amb alleles 5; Oth alleles 0
hCoV-19/Brazil/MG-LBI895/2021|2021-08-24,AY.33,0.0,0.7587878787878788,Delta (B.1.617.2-like),0.615400,0.076900,PLEARN-v1.2.81,3.1.14,2021-09-28,v1.2.81,passed_qc,scorpio call: Alt alleles 8; Ref alleles 1; Amb alleles 4; Oth alleles 0
hCoV-19/Brazil/MG-LBI896/2021|2021-08-25,AY.33,0.0,0.8933717579250721,Delta (B.1.617.2-like),0.692300,0.076900,PLEARN-v1.2.81,3.1.14,2021-09-28,v1.2.81,passed_qc,scorpio call: Alt alleles 9; Ref alleles 1; Amb alleles 3; Oth alleles 0
hCoV-19/Brazil/MG-LBI897/2021|2021-08-25,AY.33,0.0,0.592762253779203,Delta (B.1.617.2-like),0.538500,0.076900,PLEARN-v1.2.81,3.1.14,2021-09-28,v1.2.81,passed_qc,scorpio call: Alt alleles 7; Ref alleles 1; Amb alleles 5; Oth alleles 0
hCoV-19/Brazil/MG-LBI902/2021|2021-08-24,AY.33,0.0,0.6877402819307987,Delta (B.1.617.2-like),0.615400,0.076900,PLEARN-v1.2.81,3.1.14,2021-09-28,v1.2.81,passed_qc,scorpio call: Alt alleles 8; Ref alleles 1; Amb alleles 4; Oth alleles 0
hCoV-19/Brazil/MG-LBI905/2021|2021-08-24,AY.33,0.0,0.579750346740638,Delta (B.1.617.2-like),0.461500,0.076900,PLEARN-v1.2.81,3.1.14,2021-09-28,v1.2.81,passed_qc,scorpio call: Alt alleles 6; Ref alleles 1; Amb alleles 6; Oth alleles 0
hCoV-19/Brazil/MG-LBI906/2021|2021-08-23,AY.33,0.0,0.8310502283105023,Delta (B.1.617.2-like),0.615400,0.076900,PLEARN-v1.2.81,3.1.14,2021-09-28,v1.2.81,passed_qc,scorpio call: Alt alleles 8; Ref alleles 1; Amb alleles 4; Oth alleles 0
hCoV-19/Brazil/MG-LBI907/2021|2021-08-23,AY.33,0.0,0.7962382445141065,Delta (B.1.617.2-like),0.846200,0.076900,PLEARN-v1.2.81,3.1.14,2021-09-28,v1.2.81,passed_qc,scorpio call: Alt alleles 11; Ref alleles 1; Amb alleles 1; Oth alleles 0
hCoV-19/Brazil/MG-LBI908/2021|2021-08-23,AY.33,0.0,0.8977395048439182,Delta (B.1.617.2-like),0.846200,0.076900,PLEARN-v1.2.81,3.1.14,2021-09-28,v1.2.81,passed_qc,scorpio call: Alt alleles 11; Ref alleles 1; Amb alleles 1; Oth alleles 0
hCoV-19/Brazil/MG-LBI909/2021|2021-08-23,AY.33,0.0,0.7342398022249691,Delta (B.1.617.2-like),0.769200,0.076900,PLEARN-v1.2.81,3.1.14,2021-09-28,v1.2.81,passed_qc,scorpio call: Alt alleles 10; Ref alleles 1; Amb alleles 2; Oth alleles 0
hCoV-19/Brazil/MG-LBI910/2021|2021-08-23,B.1.617.2,0.0,0.919831223628692,Delta (B.1.617.2-like),0.923100,0.000000,PLEARN-v1.2.81,3.1.14,2021-09-28,v1.2.81,passed_qc,scorpio call: Alt alleles 12; Ref alleles 0; Amb alleles 1; Oth alleles 0; scorpio replaced lineage assignment B.1.1
hCoV-19/Brazil/MG-LBI911/2021|2021-08-23,AY.33,0.0,0.8477119279819955,Delta (B.1.617.2-like),0.846200,0.076900,PLEARN-v1.2.81,3.1.14,2021-09-28,v1.2.81,passed_qc,scorpio call: Alt alleles 11; Ref alleles 1; Amb alleles 1; Oth alleles 0
hCoV-19/Brazil/MG-LBI912/2021|2021-08-24,AY.33,0.0,0.8042039704165045,Delta (B.1.617.2-like),0.769200,0.076900,PLEARN-v1.2.81,3.1.14,2021-09-28,v1.2.81,passed_qc,scorpio call: Alt alleles 10; Ref alleles 1; Amb alleles 2; Oth alleles 0
hCoV-19/Brazil/MG-LBI913/2021|2021-08-24,AY.33,0.0,0.8722466960352423,Delta (B.1.617.2-like),0.846200,0.076900,PLEARN-v1.2.81,3.1.14,2021-09-28,v1.2.81,passed_qc,scorpio call: Alt alleles 11; Ref alleles 1; Amb alleles 1; Oth alleles 0
hCoV-19/Brazil/MG-LBI914/2021|2021-08-24,AY.33,0.0,0.8643253234750462,Delta (B.1.617.2-like),0.846200,0.076900,PLEARN-v1.2.81,3.1.14,2021-09-28,v1.2.81,passed_qc,scorpio call: Alt alleles 11; Ref alleles 1; Amb alleles 1; Oth alleles 0
hCoV-19/Brazil/MG-LBI915/2021|2021-08-24,AY.33,0.0,0.9468632156324992,Delta (B.1.617.2-like),0.846200,0.076900,PLEARN-v1.2.81,3.1.14,2021-09-28,v1.2.81,passed_qc,scorpio call: Alt alleles 11; Ref alleles 1; Amb alleles 1; Oth alleles 0
hCoV-19/Brazil/MG-LBI916/2021|2021-08-24,AY.33,0.0,0.9186906019007391,Delta (B.1.617.2-like),0.846200,0.076900,PLEARN-v1.2.81,3.1.14,2021-09-28,v1.2.81,passed_qc,scorpio call: Alt alleles 11; Ref alleles 1; Amb alleles 1; Oth alleles 0
hCoV-19/Brazil/MG-LBI917/2021|2021-08-24,AY.33,0.0,0.8394408764639214,Delta (B.1.617.2-like),0.846200,0.076900,PLEARN-v1.2.81,3.1.14,2021-09-28,v1.2.81,passed_qc,scorpio call: Alt alleles 11; Ref alleles 1; Amb alleles 1; Oth alleles 0
hCoV-19/Brazil/MG-LBI918/2021|2021-08-24,AY.33,0.0,0.827033218785796,Delta (B.1.617.2-like),0.846200,0.076900,PLEARN-v1.2.81,3.1.14,2021-09-28,v1.2.81,passed_qc,scorpio call: Alt alleles 11; Ref alleles 1; Amb alleles 1; Oth alleles 0
hCoV-19/Brazil/MG-LBI919/2021|2021-08-23,AY.33,0.0,0.8554396423248882,Delta (B.1.617.2-like),0.769200,0.076900,PLEARN-v1.2.81,3.1.14,2021-09-28,v1.2.81,passed_qc,scorpio call: Alt alleles 10; Ref alleles 1; Amb alleles 2; Oth alleles 0
hCoV-19/Brazil/MG-LBI920/2021|2021-08-23,AY.33,0.0,0.8143573909687379,Delta (B.1.617.2-like),0.846200,0.076900,PLEARN-v1.2.81,3.1.14,2021-09-28,v1.2.81,passed_qc,scorpio call: Alt alleles 11; Ref alleles 1; Amb alleles 1; Oth alleles 0
hCoV-19/Brazil/MG-LBI921/2021|2021-08-23,AY.33,0.0,0.8726605504587156,Delta (B.1.617.2-like),0.846200,0.076900,PLEARN-v1.2.81,3.1.14,2021-09-28,v1.2.81,passed_qc,scorpio call: Alt alleles 11; Ref alleles 1; Amb alleles 1; Oth alleles 0
hCoV-19/Brazil/MG-LBI922/2021|2021-08-23,AY.33,0.0,0.8274809160305343,Delta (B.1.617.2-like),0.846200,0.076900,PLEARN-v1.2.81,3.1.14,2021-09-28,v1.2.81,passed_qc,scorpio call: Alt alleles 11; Ref alleles 1; Amb alleles 1; Oth alleles 0
hCoV-19/Brazil/MG-LBI923/2021|2021-08-24,AY.33,0.0,0.9568760611205432,Delta (B.1.617.2-like),0.846200,0.076900,PLEARN-v1.2.81,3.1.14,2021-09-28,v1.2.81,passed_qc,scorpio call: Alt alleles 11; Ref alleles 1; Amb alleles 1; Oth alleles 0
hCoV-19/Brazil/MG-LBI924/2021|2021-08-25,AY.33,0.0,0.8097636574970941,Delta (B.1.617.2-like),0.769200,0.076900,PLEARN-v1.2.81,3.1.14,2021-09-28,v1.2.81,passed_qc,scorpio call: Alt alleles 10; Ref alleles 1; Amb alleles 2; Oth alleles 0
hCoV-19/Brazil/MG-LBI925/2021|2021-08-25,AY.33,0.0,0.8442437923250564,Delta (B.1.617.2-like),0.846200,0.076900,PLEARN-v1.2.81,3.1.14,2021-09-28,v1.2.81,passed_qc,scorpio call: Alt alleles 11; Ref alleles 1; Amb alleles 1; Oth alleles 0
hCoV-19/Brazil/MG-LBI926/2021|2021-08-25,AY.33,0.0,0.8989247311827957,Delta (B.1.617.2-like),0.846200,0.076900,PLEARN-v1.2.81,3.1.14,2021-09-28,v1.2.81,passed_qc,scorpio call: Alt alleles 11; Ref alleles 1; Amb alleles 1; Oth alleles 0
hCoV-19/Brazil/MG-LBI927/2021|2021-08-25,AY.33,0.0,0.9299895506792059,Delta (B.1.617.2-like),0.846200,0.076900,PLEARN-v1.2.81,3.1.14,2021-09-28,v1.2.81,passed_qc,scorpio call: Alt alleles 11; Ref alleles 1; Amb alleles 1; Oth alleles 0
hCoV-19/Brazil/MG-LBI928/2021|2021-08-25,AY.33,0.0,0.8977395048439182,Delta (B.1.617.2-like),0.846200,0.076900,PLEARN-v1.2.81,3.1.14,2021-09-28,v1.2.81,passed_qc,scorpio call: Alt alleles 11; Ref alleles 1; Amb alleles 1; Oth alleles 0
hCoV-19/Brazil/MG-LBI929/2021|2021-08-25,AY.33,0.0,0.9048128342245989,Delta (B.1.617.2-like),0.846200,0.076900,PLEARN-v1.2.81,3.1.14,2021-09-28,v1.2.81,passed_qc,scorpio call: Alt alleles 11; Ref alleles 1; Amb alleles 1; Oth alleles 0
hCoV-19/Brazil/MG-LBI930/2021|2021-08-23,AY.33,0.0,0.906761565836299,Delta (B.1.617.2-like),0.846200,0.076900,PLEARN-v1.2.81,3.1.14,2021-09-28,v1.2.81,passed_qc,scorpio call: Alt alleles 11; Ref alleles 1; Amb alleles 1; Oth alleles 0
hCoV-19/Brazil/MG-LBI931/2021|2021-08-23,AY.33,0.0,0.7697236684020825,Delta (B.1.617.2-like),0.769200,0.076900,PLEARN-v1.2.81,3.1.14,2021-09-28,v1.2.81,passed_qc,scorpio call: Alt alleles 10; Ref alleles 1; Amb alleles 2; Oth alleles 0
hCoV-19/Brazil/MG-LBI933/2021|2021-08-24,AY.33,0.0,0.8042039704165045,Delta (B.1.617.2-like),0.615400,0.076900,PLEARN-v1.2.81,3.1.14,2021-09-28,v1.2.81,passed_qc,scorpio call: Alt alleles 8; Ref alleles 1; Amb alleles 4; Oth alleles 0
hCoV-19/Brazil/MG-LBI934/2021|2021-08-24,AY.33,0.0,0.8685082872928177,Delta (B.1.617.2-like),0.846200,0.000000,PLEARN-v1.2.81,3.1.14,2021-09-28,v1.2.81,passed_qc,scorpio call: Alt alleles 11; Ref alleles 0; Amb alleles 2; Oth alleles 0
hCoV-19/Brazil/MG-LBI935/2021|2021-08-25,B.1.617.2,0.0,0.7547628698824483,Delta (B.1.617.2-like),0.461500,0.153800,PLEARN-v1.2.81,3.1.14,2021-09-28,v1.2.81,passed_qc,scorpio call: Alt alleles 6; Ref alleles 2; Amb alleles 5; Oth alleles 0; scorpio replaced lineage assignment B.1
hCoV-19/Brazil/MG-LBI936/2021|2021-08-25,AY.33,0.0,0.880466472303207,Delta (B.1.617.2-like),0.846200,0.076900,PLEARN-v1.2.81,3.1.14,2021-09-28,v1.2.81,passed_qc,scorpio call: Alt alleles 11; Ref alleles 1; Amb alleles 1; Oth alleles 0
hCoV-19/Brazil/MG-LBI939/2021|2021-08-27,AY.33,0.0,0.6431095406360424,Delta (B.1.617.2-like),0.615400,0.076900,PLEARN-v1.2.81,3.1.14,2021-09-28,v1.2.81,passed_qc,scorpio call: Alt alleles 8; Ref alleles 1; Amb alleles 4; Oth alleles 0
hCoV-19/Brazil/MG-LBI941/2021|2021-08-27,AY.33,0.0,0.7043441585828765,Delta (B.1.617.2-like),0.538500,0.076900,PLEARN-v1.2.81,3.1.14,2021-09-28,v1.2.81,passed_qc,scorpio call: Alt alleles 7; Ref alleles 1; Amb alleles 5; Oth alleles 0
hCoV-19/Brazil/MG-LBI942/2021|2021-08-20,AY.33,0.0,0.929243638898571,Delta (B.1.617.2-like),0.846200,0.076900,PLEARN-v1.2.81,3.1.14,2021-09-28,v1.2.81,passed_qc,scorpio call: Alt alleles 11; Ref alleles 1; Amb alleles 1; Oth alleles 0
hCoV-19/Brazil/MG-LBI943/2021|2021-08-23,AY.33,0.0,0.8376844494892168,Delta (B.1.617.2-like),0.769200,0.076900,PLEARN-v1.2.81,3.1.14,2021-09-28,v1.2.81,passed_qc,scorpio call: Alt alleles 10; Ref alleles 1; Amb alleles 2; Oth alleles 0
hCoV-19/Brazil/MG-LBI944/2021|2021-08-24,AY.33,0.0,0.9217269217269217,Delta (B.1.617.2-like),0.846200,0.076900,PLEARN-v1.2.81,3.1.14,2021-09-28,v1.2.81,passed_qc,scorpio call: Alt alleles 11; Ref alleles 1; Amb alleles 1; Oth alleles 0
hCoV-19/Brazil/MG-LBI945/2021|2021-08-24,AY.33,0.0,0.8997134670487106,Delta (B.1.617.2-like),0.846200,0.076900,PLEARN-v1.2.81,3.1.14,2021-09-28,v1.2.81,passed_qc,scorpio call: Alt alleles 11; Ref alleles 1; Amb alleles 1; Oth alleles 0
hCoV-19/Brazil/MG-LBI946/2021|2021-08-24,AY.33,0.0,0.8596881959910914,Delta (B.1.617.2-like),0.846200,0.000000,PLEARN-v1.2.81,3.1.14,2021-09-28,v1.2.81,passed_qc,scorpio call: Alt alleles 11; Ref alleles 0; Amb alleles 2; Oth alleles 0
hCoV-19/Brazil/MG-LBI947/2021|2021-08-25,AY.33,0.0,0.9410548086866598,Delta (B.1.617.2-like),0.846200,0.076900,PLEARN-v1.2.81,3.1.14,2021-09-28,v1.2.81,passed_qc,scorpio call: Alt alleles 11; Ref alleles 1; Amb alleles 1; Oth alleles 0
hCoV-19/Brazil/MG-LBI949/2021|2021-08-09,AY.33,0.0,0.822537370640092,Delta (B.1.617.2-like),0.846200,0.076900,PLEARN-v1.2.81,3.1.14,2021-09-28,v1.2.81,passed_qc,scorpio call: Alt alleles 11; Ref alleles 1; Amb alleles 1; Oth alleles 0
hCoV-19/Brazil/MG-LBI950/2021|2021-09-02,AY.33,0.0,0.8989247311827957,Delta (B.1.617.2-like),0.769200,0.153800,PLEARN-v1.2.81,3.1.14,2021-09-28,v1.2.81,passed_qc,scorpio call: Alt alleles 10; Ref alleles 2; Amb alleles 1; Oth alleles 0
hCoV-19/Brazil/MG-LBI951/2021|2021-09-02,AY.33,0.0,0.9468632156324992,Delta (B.1.617.2-like),0.846200,0.076900,PLEARN-v1.2.81,3.1.14,2021-09-28,v1.2.81,passed_qc,scorpio call: Alt alleles 11; Ref alleles 1; Amb alleles 1; Oth alleles 0
hCoV-19/Brazil/MG-LBI952/2021|2021-09-02,AY.33,0.0,0.9680886798790729,Delta (B.1.617.2-like),0.846200,0.076900,PLEARN-v1.2.81,3.1.14,2021-09-28,v1.2.81,passed_qc,scorpio call: Alt alleles 11; Ref alleles 1; Amb alleles 1; Oth alleles 0
hCoV-19/Brazil/MG-LBI953/2021|2021-09-02,AY.6,0.0,0.9533219761499148,Delta (B.1.617.2-like),0.846200,0.076900,PLEARN-v1.2.81,3.1.14,2021-09-28,v1.2.81,passed_qc,scorpio call: Alt alleles 11; Ref alleles 1; Amb alleles 1; Oth alleles 0
hCoV-19/Brazil/MG-LBI954/2021|2021-09-02,AY.33,0.0,0.9589969501863775,Delta (B.1.617.2-like),0.846200,0.076900,PLEARN-v1.2.81,3.1.14,2021-09-28,v1.2.81,passed_qc,scorpio call: Alt alleles 11; Ref alleles 1; Amb alleles 1; Oth alleles 0
hCoV-19/Brazil/MG-LBI955/2021|2021-09-03,AY.33,0.0,0.9554573274396464,Delta (B.1.617.2-like),0.846200,0.076900,PLEARN-v1.2.81,3.1.14,2021-09-28,v1.2.81,passed_qc,scorpio call: Alt alleles 11; Ref alleles 1; Amb alleles 1; Oth alleles 0
hCoV-19/Brazil/MG-LBI956/2021|2021-09-03,AY.33,0.0,0.9780439121756487,Delta (B.1.617.2-like),0.846200,0.076900,PLEARN-v1.2.81,3.1.14,2021-09-28,v1.2.81,passed_qc,scorpio call: Alt alleles 11; Ref alleles 1; Amb alleles 1; Oth alleles 0
hCoV-19/Brazil/MG-LBI957/2021|2021-08-30,AY.33,0.0,0.9642616318273769,Delta (B.1.617.2-like),0.846200,0.076900,PLEARN-v1.2.81,3.1.14,2021-09-28,v1.2.81,passed_qc,scorpio call: Alt alleles 11; Ref alleles 1; Amb alleles 1; Oth alleles 0
hCoV-19/Brazil/MG-LBI958/2021|2021-08-30,AY.6,0.0,0.9575839837122497,Delta (B.1.617.2-like),0.846200,0.076900,PLEARN-v1.2.81,3.1.14,2021-09-28,v1.2.81,passed_qc,scorpio call: Alt alleles 11; Ref alleles 1; Amb alleles 1; Oth alleles 0
hCoV-19/Brazil/MG-LBI959/2021|2021-08-30,AY.6,0.0,0.9780439121756487,Delta (B.1.617.2-like),0.769200,0.153800,PLEARN-v1.2.81,3.1.14,2021-09-28,v1.2.81,passed_qc,scorpio call: Alt alleles 10; Ref alleles 2; Amb alleles 1; Oth alleles 0
hCoV-19/Brazil/MG-LBI961/2021|2021-08-31,AY.33,0.0,0.91025186236254,Delta (B.1.617.2-like),0.846200,0.076900,PLEARN-v1.2.81,3.1.14,2021-09-28,v1.2.81,passed_qc,scorpio call: Alt alleles 11; Ref alleles 1; Amb alleles 1; Oth alleles 0
hCoV-19/Brazil/MG-LBI962/2021|2021-08-31,AY.33,0.0,0.9325920778318276,Delta (B.1.617.2-like),0.846200,0.076900,PLEARN-v1.2.81,3.1.14,2021-09-28,v1.2.81,passed_qc,scorpio call: Alt alleles 11; Ref alleles 1; Amb alleles 1; Oth alleles 0
hCoV-19/Brazil/MG-LBI963/2021|2021-08-31,AY.33,0.0,0.963212959838002,Delta (B.1.617.2-like),0.923100,0.000000,PLEARN-v1.2.81,3.1.14,2021-09-28,v1.2.81,passed_qc,scorpio call: Alt alleles 12; Ref alleles 0; Amb alleles 1; Oth alleles 0
hCoV-19/Brazil/MG-LBI964/2021|2021-09-03,AY.33,0.0,0.9529652351738241,Delta (B.1.617.2-like),0.846200,0.076900,PLEARN-v1.2.81,3.1.14,2021-09-28,v1.2.81,passed_qc,scorpio call: Alt alleles 11; Ref alleles 1; Amb alleles 1; Oth alleles 0
hCoV-19/Brazil/MG-LBI965/2021|2021-08-30,AY.33,0.0,0.9729187562688064,Delta (B.1.617.2-like),0.846200,0.076900,PLEARN-v1.2.81,3.1.14,2021-09-28,v1.2.81,passed_qc,scorpio call: Alt alleles 11; Ref alleles 1; Amb alleles 1; Oth alleles 0
hCoV-19/Brazil/MG-LBI966/2021|2021-09-02,AY.33,0.0,0.95581237253569,Delta (B.1.617.2-like),0.846200,0.076900,PLEARN-v1.2.81,3.1.14,2021-09-28,v1.2.81,passed_qc,scorpio call: Alt alleles 11; Ref alleles 1; Amb alleles 1; Oth alleles 0
hCoV-19/Brazil/MG-LBI967/2021|2021-08-31,AY.34,0.0,0.9533219761499148,Delta (B.1.617.2-like),0.846200,0.076900,PLEARN-v1.2.81,3.1.14,2021-09-28,v1.2.81,passed_qc,scorpio call: Alt alleles 11; Ref alleles 1; Amb alleles 1; Oth alleles 0
hCoV-19/Brazil/MG-LBI968/2021|2021-08-31,AY.34,0.0,0.9554573274396464,Delta (B.1.617.2-like),0.846200,0.076900,PLEARN-v1.2.81,3.1.14,2021-09-28,v1.2.81,passed_qc,scorpio call: Alt alleles 11; Ref alleles 1; Amb alleles 1; Oth alleles 0
hCoV-19/Brazil/MG-LBI969/2021|2021-08-31,AY.34,0.0,0.9446925455170044,Delta (B.1.617.2-like),0.846200,0.076900,PLEARN-v1.2.81,3.1.14,2021-09-28,v1.2.81,passed_qc,scorpio call: Alt alleles 11; Ref alleles 1; Amb alleles 1; Oth alleles 0
hCoV-19/Brazil/MG-LBI970/2021|2021-09-01,AY.33,0.0,0.9486652977412731,Delta (B.1.617.2-like),0.923100,0.000000,PLEARN-v1.2.81,3.1.14,2021-09-28,v1.2.81,passed_qc,scorpio call: Alt alleles 12; Ref alleles 0; Amb alleles 1; Oth alleles 0
hCoV-19/Brazil/MG-LBI971/2021|2021-09-02,AY.34,0.0,0.9148710702931826,Delta (B.1.617.2-like),0.846200,0.076900,PLEARN-v1.2.81,3.1.14,2021-09-28,v1.2.81,passed_qc,scorpio call: Alt alleles 11; Ref alleles 1; Amb alleles 1; Oth alleles 0
hCoV-19/Brazil/MG-LBI972/2021|2021-09-02,AY.34,0.0,0.9572301425661914,Delta (B.1.617.2-like),0.846200,0.076900,PLEARN-v1.2.81,3.1.14,2021-09-28,v1.2.81,passed_qc,scorpio call: Alt alleles 11; Ref alleles 1; Amb alleles 1; Oth alleles 0
hCoV-19/Brazil/MG-LBI973/2021|2021-09-02,AY.33,0.0,0.9486652977412731,Delta (B.1.617.2-like),0.846200,0.076900,PLEARN-v1.2.81,3.1.14,2021-09-28,v1.2.81,passed_qc,scorpio call: Alt alleles 11; Ref alleles 1; Amb alleles 1; Oth alleles 0
hCoV-19/Brazil/MG-LBI974/2021|2021-09-02,AY.33,0.0,0.9575839837122497,Delta (B.1.617.2-like),0.923100,0.000000,PLEARN-v1.2.81,3.1.14,2021-09-28,v1.2.81,passed_qc,scorpio call: Alt alleles 12; Ref alleles 0; Amb alleles 1; Oth alleles 0
hCoV-19/Brazil/MG-LBI975/2021|2021-09-02,AY.33,0.0,0.903248839700107,Delta (B.1.617.2-like),0.846200,0.076900,PLEARN-v1.2.81,3.1.14,2021-09-28,v1.2.81,passed_qc,scorpio call: Alt alleles 11; Ref alleles 1; Amb alleles 1; Oth alleles 0
hCoV-19/Brazil/MG-LBI976/2021|2021-08-31,AY.34,0.0,0.9547465124191902,Delta (B.1.617.2-like),0.846200,0.076900,PLEARN-v1.2.81,3.1.14,2021-09-28,v1.2.81,passed_qc,scorpio call: Alt alleles 11; Ref alleles 1; Amb alleles 1; Oth alleles 0
hCoV-19/Brazil/MG-LBI977/2021|2021-08-31,AY.34,0.0,0.9432404540763674,Delta (B.1.617.2-like),0.846200,0.076900,PLEARN-v1.2.81,3.1.14,2021-09-28,v1.2.81,passed_qc,scorpio call: Alt alleles 11; Ref alleles 1; Amb alleles 1; Oth alleles 0
hCoV-19/Brazil/MG-LBI978/2021|2021-08-24,AY.33,0.0,0.9501025290498974,Delta (B.1.617.2-like),0.846200,0.076900,PLEARN-v1.2.81,3.1.14,2021-09-28,v1.2.81,passed_qc,scorpio call: Alt alleles 11; Ref alleles 1; Amb alleles 1; Oth alleles 0
hCoV-19/Brazil/MG-LBI979/2021|2021-08-24,AY.33,0.0,0.9572301425661914,Delta (B.1.617.2-like),0.923100,0.000000,PLEARN-v1.2.81,3.1.14,2021-09-28,v1.2.81,passed_qc,scorpio call: Alt alleles 12; Ref alleles 0; Amb alleles 1; Oth alleles 0
hCoV-19/Brazil/MG-LBI980/2021|2021-08-24,AY.33,0.0,0.9586440677966102,Delta (B.1.617.2-like),0.923100,0.000000,PLEARN-v1.2.81,3.1.14,2021-09-28,v1.2.81,passed_qc,scorpio call: Alt alleles 12; Ref alleles 0; Amb alleles 1; Oth alleles 0
hCoV-19/Brazil/MG-LBI981/2021|2021-08-24,AY.33,0.0,0.9344432882414152,Delta (B.1.617.2-like),0.846200,0.076900,PLEARN-v1.2.81,3.1.14,2021-09-28,v1.2.81,passed_qc,scorpio call: Alt alleles 11; Ref alleles 1; Amb alleles 1; Oth alleles 0
hCoV-19/Brazil/MG-LBI982/2021|2021-08-24,AY.33,0.0,0.9439669989687178,Delta (B.1.617.2-like),0.923100,0.000000,PLEARN-v1.2.81,3.1.14,2021-09-28,v1.2.81,passed_qc,scorpio call: Alt alleles 12; Ref alleles 0; Amb alleles 1; Oth alleles 0
hCoV-19/Brazil/MG-LBI983/2021|2021-09-05,AY.33,0.0,0.9486652977412731,Delta (B.1.617.2-like),0.846200,0.076900,PLEARN-v1.2.81,3.1.14,2021-09-28,v1.2.81,passed_qc,scorpio call: Alt alleles 11; Ref alleles 1; Amb alleles 1; Oth alleles 0
hCoV-19/Brazil/MG-LBI984/2021|2021-08-09,AY.33,0.0,0.9273743016759777,Delta (B.1.617.2-like),0.923100,0.000000,PLEARN-v1.2.81,3.1.14,2021-09-28,v1.2.81,passed_qc,scorpio call: Alt alleles 12; Ref alleles 0; Amb alleles 1; Oth alleles 0
hCoV-19/Brazil/MG-LBI985/2021|2021-08-09,B.1.617.2,0.0,0.9891411648568608,Delta (B.1.617.2-like),0.923100,0.076900,PLEARN-v1.2.81,3.1.14,2021-09-28,v1.2.81,passed_qc,scorpio call: Alt alleles 12; Ref alleles 1; Amb alleles 0; Oth alleles 0
hCoV-19/Brazil/MG-LBI986/2021|2021-09-05,AY.6,0.0,0.9572301425661914,Delta (B.1.617.2-like),0.846200,0.076900,PLEARN-v1.2.81,3.1.14,2021-09-28,v1.2.81,passed_qc,scorpio call: Alt alleles 11; Ref alleles 1; Amb alleles 1; Oth alleles 0
hCoV-19/Brazil/MG-LBI987/2021|2021-09-06,AY.33,0.0,0.9649595687331536,Delta (B.1.617.2-like),0.923100,0.000000,PLEARN-v1.2.81,3.1.14,2021-09-28,v1.2.81,passed_qc,scorpio call: Alt alleles 12; Ref alleles 0; Amb alleles 1; Oth alleles 0
hCoV-19/Brazil/MG-LBI988/2021|2021-09-08,AY.33,0.0,0.9511778764083305,Delta (B.1.617.2-like),0.846200,0.076900,PLEARN-v1.2.81,3.1.14,2021-09-28,v1.2.81,passed_qc,scorpio call: Alt alleles 11; Ref alleles 1; Amb alleles 1; Oth alleles 0
hCoV-19/Brazil/MG-LBI989/2021|2021-09-07,AY.33,0.0,0.9483053748716193,Delta (B.1.617.2-like),0.923100,0.000000,PLEARN-v1.2.81,3.1.14,2021-09-28,v1.2.81,passed_qc,scorpio call: Alt alleles 12; Ref alleles 0; Amb alleles 1; Oth alleles 0
hCoV-19/Brazil/MG-LBI990/2021|2021-09-06,AY.33,0.0,0.9421487603305785,Delta (B.1.617.2-like),0.846200,0.000000,PLEARN-v1.2.81,3.1.14,2021-09-28,v1.2.81,passed_qc,scorpio call: Alt alleles 11; Ref alleles 0; Amb alleles 2; Oth alleles 0
hCoV-19/Brazil/MG-LBI991/2021|2021-09-08,AY.33,0.0,0.9670477471418965,Delta (B.1.617.2-like),0.923100,0.000000,PLEARN-v1.2.81,3.1.14,2021-09-28,v1.2.81,passed_qc,scorpio call: Alt alleles 12; Ref alleles 0; Amb alleles 1; Oth alleles 0
hCoV-19/Brazil/MG-LBI992/2021|2021-09-08,AY.33,0.0,0.962862930452397,Delta (B.1.617.2-like),0.923100,0.000000,PLEARN-v1.2.81,3.1.14,2021-09-28,v1.2.81,passed_qc,scorpio call: Alt alleles 12; Ref alleles 0; Amb alleles 1; Oth alleles 0
hCoV-19/Brazil/MG-LBI993/2021|2021-09-09,AY.33,0.0,0.9497435897435897,Delta (B.1.617.2-like),0.923100,0.000000,PLEARN-v1.2.81,3.1.14,2021-09-28,v1.2.81,passed_qc,scorpio call: Alt alleles 12; Ref alleles 0; Amb alleles 1; Oth alleles 0
hCoV-19/Brazil/MG-LBI994/2021|2021-09-09,AY.33,0.0,0.9646107178968655,Delta (B.1.617.2-like),0.923100,0.000000,PLEARN-v1.2.81,3.1.14,2021-09-28,v1.2.81,passed_qc,scorpio call: Alt alleles 12; Ref alleles 0; Amb alleles 1; Oth alleles 0
hCoV-19/Brazil/MG-LBI995/2021|2021-09-10,AY.6,0.0,0.9461406518010291,Delta (B.1.617.2-like),0.923100,0.000000,PLEARN-v1.2.81,3.1.14,2021-09-28,v1.2.81,passed_qc,scorpio call: Alt alleles 12; Ref alleles 0; Amb alleles 1; Oth alleles 0
hCoV-19/Brazil/MG-LBI996/2021|2021-09-10,AY.6,0.0,0.9403242497412901,Delta (B.1.617.2-like),0.923100,0.000000,PLEARN-v1.2.81,3.1.14,2021-09-28,v1.2.81,passed_qc,scorpio call: Alt alleles 12; Ref alleles 0; Amb alleles 1; Oth alleles 0
hCoV-19/Brazil/MG-LBI997/2021|2021-09-10,AY.6,0.0,0.947584789311408,Delta (B.1.617.2-like),0.846200,0.076900,PLEARN-v1.2.81,3.1.14,2021-09-28,v1.2.81,passed_qc,scorpio call: Alt alleles 11; Ref alleles 1; Amb alleles 1; Oth alleles 0
hCoV-19/Brazil/MG-LBI998/2021|2021-09-08,AY.33,0.0,0.9656565656565657,Delta (B.1.617.2-like),0.846200,0.076900,PLEARN-v1.2.81,3.1.14,2021-09-28,v1.2.81,passed_qc,scorpio call: Alt alleles 11; Ref alleles 1; Amb alleles 1; Oth alleles 0
hCoV-19/Brazil/MG-LBI999/2021|2021-09-08,AY.33,0.0,0.9284966864318103,Delta (B.1.617.2-like),0.846200,0.076900,PLEARN-v1.2.81,3.1.14,2021-09-28,v1.2.81,passed_qc,scorpio call: Alt alleles 11; Ref alleles 1; Amb alleles 1; Oth alleles 0
