seqName,insertions
"hCoV-19/Brazil/MG-LBI1000/2021|2021-08-09",""
"hCoV-19/Brazil/MG-LBI1001/2021|2021-08-09",""
"hCoV-19/Brazil/MG-LBI1002/2021|2021-09-09",""
"hCoV-19/Brazil/MG-LBI1003/2021|2021-09-09",""
"hCoV-19/Brazil/MG-LBI1005/2021|2021-09-07",""
"hCoV-19/Brazil/MG-LBI1006/2021|2021-09-09",""
"hCoV-19/Brazil/MG-LBI1007/2021|2021-09-08",""
"hCoV-19/Brazil/MG-LBI1008/2021|2021-09-06",""
"hCoV-19/Brazil/MG-LBI1009/2021|2021-09-08",""
"hCoV-19/Brazil/MG-LBI1018/2021|2021-08-30",""
"hCoV-19/Brazil/MG-LBI1019/2021|2021-08-30",""
"hCoV-19/Brazil/MG-LBI1020/2021|2021-08-31",""
"hCoV-19/Brazil/MG-LBI1021/2021|2021-09-01",""
"hCoV-19/Brazil/MG-LBI1022/2021|2021-09-01",""
"hCoV-19/Brazil/MG-LBI1024/2021|2021-09-03",""
"hCoV-19/Brazil/MG-LBI1025/2021|2021-09-03",""
"hCoV-19/Brazil/MG-LBI1026/2021|2021-09-01",""
"hCoV-19/Brazil/MG-LBI1027/2021|2021-08-30",""
"hCoV-19/Brazil/MG-LBI1028/2021|2021-08-30",""
"hCoV-19/Brazil/MG-LBI1029/2021|2021-08-31",""
"hCoV-19/Brazil/MG-LBI1030/2021|2021-08-31",""
"hCoV-19/Brazil/MG-LBI1031/2021|2021-08-31",""
"hCoV-19/Brazil/MG-LBI1032/2021|2021-08-30",""
"hCoV-19/Brazil/MG-LBI1033/2021|2021-08-30",""
"hCoV-19/Brazil/MG-LBI1034/2021|2021-08-30",""
"hCoV-19/Brazil/MG-LBI1035/2021|2021-08-30",""
"hCoV-19/Brazil/MG-LBI1036/2021|2021-08-30",""
"hCoV-19/Brazil/MG-LBI1037/2021|2021-08-30",""
"hCoV-19/Brazil/MG-LBI1038/2021|2021-08-31",""
"hCoV-19/Brazil/MG-LBI1039/2021|2021-08-30",""
"hCoV-19/Brazil/MG-LBI1040/2021|2021-08-30",""
"hCoV-19/Brazil/MG-LBI1041/2021|2021-08-30",""
"hCoV-19/Brazil/MG-LBI1042/2021|2021-08-30",""
"hCoV-19/Brazil/MG-LBI1043/2021|2021-09-02",""
"hCoV-19/Brazil/MG-LBI1044/2021|2021-08-30",""
"hCoV-19/Brazil/MG-LBI1045/2021|2021-07-17",""
"hCoV-19/Brazil/MG-LBI1045/2021|2021-08-30",""
"hCoV-19/Brazil/MG-LBI1046/2021|2021-07-20",""
"hCoV-19/Brazil/MG-LBI1047/2021|2021-06-15",""
"hCoV-19/Brazil/MG-LBI1048/2021|2021-07-18",""
"hCoV-19/Brazil/MG-LBI1049/2021|2021-07-16",""
"hCoV-19/Brazil/MG-LBI1050/2021|2021-07-12",""
"hCoV-19/Brazil/MG-LBI1051/2021|2021-07-13",""
"hCoV-19/Brazil/MG-LBI1052/2021|2021-07-20",""
"hCoV-19/Brazil/MG-LBI1053/2021|2021-07-27",""
"hCoV-19/Brazil/MG-LBI1054/2021|2021-07-26",""
"hCoV-19/Brazil/MG-LBI1055/2021|2021-07-30",""
"hCoV-19/Brazil/MG-LBI1056/2021|2021-07-28",""
"hCoV-19/Brazil/MG-LBI1057/2021|2021-07-29",""
"hCoV-19/Brazil/MG-LBI1058/2021|2021-07-26",""
"hCoV-19/Brazil/MG-LBI1059/2021|2021-06-27",""
"hCoV-19/Brazil/MG-LBI1060/2021|2021-07-29",""
"hCoV-19/Brazil/MG-LBI1061/2021|2021-08-02",""
"hCoV-19/Brazil/MG-LBI1062/2021|2021-08-02",""
"hCoV-19/Brazil/MG-LBI1063/2021|2021-08-03",""
"hCoV-19/Brazil/MG-LBI1064/2021|2021-08-01",""
"hCoV-19/Brazil/MG-LBI1065/2021|2021-08-04",""
"hCoV-19/Brazil/MG-LBI1066/2021|2021-08-01",""
"hCoV-19/Brazil/MG-LBI1067/2021|2021-08-02",""
"hCoV-19/Brazil/MG-LBI1068/2021|2021-07-27",""
"hCoV-19/Brazil/MG-LBI1069/2021|2021-08-02",""
"hCoV-19/Brazil/MG-LBI1070/2021|2021-07-27",""
"hCoV-19/Brazil/MG-LBI1071/2021|2021-08-02",""
"hCoV-19/Brazil/MG-LBI1072/2021|2021-07-24",""
"hCoV-19/Brazil/MG-LBI1073/2021|2021-08-03",""
"hCoV-19/Brazil/MG-LBI1074/2021|2021-08-03",""
"hCoV-19/Brazil/MG-LBI1075/2021|2021-08-02",""
"hCoV-19/Brazil/MG-LBI1076/2021|2021-08-04",""
"hCoV-19/Brazil/MG-LBI1077/2021|2021-08-11",""
"hCoV-19/Brazil/MG-LBI1078/2021|2021-08-11",""
"hCoV-19/Brazil/MG-LBI1079/2021|2021-08-08",""
"hCoV-19/Brazil/MG-LBI1080/2021|2021-08-08",""
"hCoV-19/Brazil/MG-LBI1081/2021|2021-08-10",""
"hCoV-19/Brazil/MG-LBI1082/2021|2021-08-10",""
"hCoV-19/Brazil/MG-LBI1083/2021|2021-08-09",""
"hCoV-19/Brazil/MG-LBI1084/2021|2021-08-12",""
"hCoV-19/Brazil/MG-LBI1085/2021|2021-08-09",""
"hCoV-19/Brazil/MG-LBI1086/2021|2021-08-27",""
"hCoV-19/Brazil/MG-LBI1087/2021|2021-08-27",""
"hCoV-19/Brazil/MG-LBI1088/2021|2021-08-23",""
"hCoV-19/Brazil/MG-LBI1089/2021|2021-08-29",""
"hCoV-19/Brazil/MG-LBI1090/2021|2021-08-30",""
"hCoV-19/Brazil/MG-LBI1091/2021|2021-08-29",""
"hCoV-19/Brazil/MG-LBI1092/2021|2021-08-29",""
"hCoV-19/Brazil/MG-LBI1093/2021|2021-09-02",""
"hCoV-19/Brazil/MG-LBI735/2021|2021-07-16",""
"hCoV-19/Brazil/MG-LBI736/2021|2021-07-16",""
"hCoV-19/Brazil/MG-LBI796/2021|2021-08-16",""
"hCoV-19/Brazil/MG-LBI799/2021|2021-08-16",""
"hCoV-19/Brazil/MG-LBI804/2021|2021-08-19",""
"hCoV-19/Brazil/MG-LBI806/2021|2021-08-19",""
"hCoV-19/Brazil/MG-LBI808/2021|2021-08-16",""
"hCoV-19/Brazil/MG-LBI810/2021|2021-08-16",""
"hCoV-19/Brazil/MG-LBI812/2021|2021-08-15",""
"hCoV-19/Brazil/MG-LBI813/2021|2021-08-16",""
"hCoV-19/Brazil/MG-LBI814/2021|2021-08-19",""
"hCoV-19/Brazil/MG-LBI815/2021|2021-08-19",""
"hCoV-19/Brazil/MG-LBI821/2021|2021-08-18",""
"hCoV-19/Brazil/MG-LBI824/2021|2021-08-11",""
"hCoV-19/Brazil/MG-LBI825/2021|2021-08-06",""
"hCoV-19/Brazil/MG-LBI826/2021|2021-08-17",""
"hCoV-19/Brazil/MG-LBI827/2021|2021-08-17",""
"hCoV-19/Brazil/MG-LBI828/2021|2021-08-13",""
"hCoV-19/Brazil/MG-LBI830/2021|2021-08-18",""
"hCoV-19/Brazil/MG-LBI831/2021|2021-08-20",""
"hCoV-19/Brazil/MG-LBI833/2021|2021-08-16",""
"hCoV-19/Brazil/MG-LBI834/2021|2021-08-16",""
"hCoV-19/Brazil/MG-LBI836/2021|2021-08-14",""
"hCoV-19/Brazil/MG-LBI837/2021|2021-08-16",""
"hCoV-19/Brazil/MG-LBI841/2021|2021-08-16",""
"hCoV-19/Brazil/MG-LBI842/2021|2021-08-16",""
"hCoV-19/Brazil/MG-LBI847/2021|2021-08-18",""
"hCoV-19/Brazil/MG-LBI849/2021|2021-08-19",""
"hCoV-19/Brazil/MG-LBI852/2021|2021-08-09",""
"hCoV-19/Brazil/MG-LBI859/2021|2021",""
"hCoV-19/Brazil/MG-LBI860/2021|2021-08-20",""
"hCoV-19/Brazil/MG-LBI862/2021|2021-08-25",""
"hCoV-19/Brazil/MG-LBI863/2021|2021-08-27",""
"hCoV-19/Brazil/MG-LBI864/2021|2021-08-25",""
"hCoV-19/Brazil/MG-LBI867/2021|2021-08-23",""
"hCoV-19/Brazil/MG-LBI875/2021|2021-08-26",""
"hCoV-19/Brazil/MG-LBI877/2021|2021-08-25",""
"hCoV-19/Brazil/MG-LBI878/2021|2021-08-26",""
"hCoV-19/Brazil/MG-LBI879/2021|2021-08-24",""
"hCoV-19/Brazil/MG-LBI880/2021|2021-08-25",""
"hCoV-19/Brazil/MG-LBI881/2021|2021-08-22",""
"hCoV-19/Brazil/MG-LBI882/2021|2021-08-23",""
"hCoV-19/Brazil/MG-LBI885/2021|2021-08-24",""
"hCoV-19/Brazil/MG-LBI886/2021|2021-08-24",""
"hCoV-19/Brazil/MG-LBI887/2021|2021-08-24",""
"hCoV-19/Brazil/MG-LBI890/2021|2021-08-24",""
"hCoV-19/Brazil/MG-LBI894/2021|2021-08-26",""
"hCoV-19/Brazil/MG-LBI895/2021|2021-08-24",""
"hCoV-19/Brazil/MG-LBI896/2021|2021-08-25",""
"hCoV-19/Brazil/MG-LBI897/2021|2021-08-25",""
"hCoV-19/Brazil/MG-LBI902/2021|2021-08-24",""
"hCoV-19/Brazil/MG-LBI905/2021|2021-08-24",""
"hCoV-19/Brazil/MG-LBI906/2021|2021-08-23",""
"hCoV-19/Brazil/MG-LBI907/2021|2021-08-23",""
"hCoV-19/Brazil/MG-LBI908/2021|2021-08-23",""
"hCoV-19/Brazil/MG-LBI909/2021|2021-08-23",""
"hCoV-19/Brazil/MG-LBI910/2021|2021-08-23",""
"hCoV-19/Brazil/MG-LBI911/2021|2021-08-23",""
"hCoV-19/Brazil/MG-LBI912/2021|2021-08-24",""
"hCoV-19/Brazil/MG-LBI913/2021|2021-08-24",""
"hCoV-19/Brazil/MG-LBI914/2021|2021-08-24",""
"hCoV-19/Brazil/MG-LBI915/2021|2021-08-24",""
"hCoV-19/Brazil/MG-LBI916/2021|2021-08-24",""
"hCoV-19/Brazil/MG-LBI917/2021|2021-08-24",""
"hCoV-19/Brazil/MG-LBI918/2021|2021-08-24",""
"hCoV-19/Brazil/MG-LBI919/2021|2021-08-23",""
"hCoV-19/Brazil/MG-LBI920/2021|2021-08-23",""
"hCoV-19/Brazil/MG-LBI921/2021|2021-08-23",""
"hCoV-19/Brazil/MG-LBI922/2021|2021-08-23",""
"hCoV-19/Brazil/MG-LBI923/2021|2021-08-24",""
"hCoV-19/Brazil/MG-LBI924/2021|2021-08-25",""
"hCoV-19/Brazil/MG-LBI925/2021|2021-08-25",""
"hCoV-19/Brazil/MG-LBI926/2021|2021-08-25",""
"hCoV-19/Brazil/MG-LBI927/2021|2021-08-25",""
"hCoV-19/Brazil/MG-LBI928/2021|2021-08-25",""
"hCoV-19/Brazil/MG-LBI929/2021|2021-08-25",""
"hCoV-19/Brazil/MG-LBI930/2021|2021-08-23",""
"hCoV-19/Brazil/MG-LBI931/2021|2021-08-23",""
"hCoV-19/Brazil/MG-LBI933/2021|2021-08-24",""
"hCoV-19/Brazil/MG-LBI934/2021|2021-08-24",""
"hCoV-19/Brazil/MG-LBI935/2021|2021-08-25",""
"hCoV-19/Brazil/MG-LBI936/2021|2021-08-25",""
"hCoV-19/Brazil/MG-LBI939/2021|2021-08-27",""
"hCoV-19/Brazil/MG-LBI941/2021|2021-08-27",""
"hCoV-19/Brazil/MG-LBI942/2021|2021-08-20",""
"hCoV-19/Brazil/MG-LBI943/2021|2021-08-23",""
"hCoV-19/Brazil/MG-LBI944/2021|2021-08-24",""
"hCoV-19/Brazil/MG-LBI945/2021|2021-08-24",""
"hCoV-19/Brazil/MG-LBI946/2021|2021-08-24",""
"hCoV-19/Brazil/MG-LBI947/2021|2021-08-25",""
"hCoV-19/Brazil/MG-LBI949/2021|2021-08-09",""
"hCoV-19/Brazil/MG-LBI950/2021|2021-09-02",""
"hCoV-19/Brazil/MG-LBI951/2021|2021-09-02",""
"hCoV-19/Brazil/MG-LBI952/2021|2021-09-02",""
"hCoV-19/Brazil/MG-LBI953/2021|2021-09-02",""
"hCoV-19/Brazil/MG-LBI954/2021|2021-09-02",""
"hCoV-19/Brazil/MG-LBI955/2021|2021-09-03",""
"hCoV-19/Brazil/MG-LBI956/2021|2021-09-03",""
"hCoV-19/Brazil/MG-LBI957/2021|2021-08-30",""
"hCoV-19/Brazil/MG-LBI958/2021|2021-08-30",""
"hCoV-19/Brazil/MG-LBI959/2021|2021-08-30",""
"hCoV-19/Brazil/MG-LBI961/2021|2021-08-31",""
"hCoV-19/Brazil/MG-LBI962/2021|2021-08-31",""
"hCoV-19/Brazil/MG-LBI963/2021|2021-08-31",""
"hCoV-19/Brazil/MG-LBI964/2021|2021-09-03",""
"hCoV-19/Brazil/MG-LBI965/2021|2021-08-30",""
"hCoV-19/Brazil/MG-LBI966/2021|2021-09-02",""
"hCoV-19/Brazil/MG-LBI967/2021|2021-08-31",""
"hCoV-19/Brazil/MG-LBI968/2021|2021-08-31",""
"hCoV-19/Brazil/MG-LBI969/2021|2021-08-31",""
"hCoV-19/Brazil/MG-LBI970/2021|2021-09-01",""
"hCoV-19/Brazil/MG-LBI971/2021|2021-09-02",""
"hCoV-19/Brazil/MG-LBI972/2021|2021-09-02",""
"hCoV-19/Brazil/MG-LBI973/2021|2021-09-02",""
"hCoV-19/Brazil/MG-LBI974/2021|2021-09-02",""
"hCoV-19/Brazil/MG-LBI975/2021|2021-09-02",""
"hCoV-19/Brazil/MG-LBI976/2021|2021-08-31",""
"hCoV-19/Brazil/MG-LBI977/2021|2021-08-31",""
"hCoV-19/Brazil/MG-LBI978/2021|2021-08-24",""
"hCoV-19/Brazil/MG-LBI979/2021|2021-08-24",""
"hCoV-19/Brazil/MG-LBI980/2021|2021-08-24",""
"hCoV-19/Brazil/MG-LBI981/2021|2021-08-24",""
"hCoV-19/Brazil/MG-LBI982/2021|2021-08-24",""
"hCoV-19/Brazil/MG-LBI983/2021|2021-09-05",""
"hCoV-19/Brazil/MG-LBI984/2021|2021-08-09",""
"hCoV-19/Brazil/MG-LBI985/2021|2021-08-09",""
"hCoV-19/Brazil/MG-LBI986/2021|2021-09-05",""
"hCoV-19/Brazil/MG-LBI987/2021|2021-09-06",""
"hCoV-19/Brazil/MG-LBI988/2021|2021-09-08",""
"hCoV-19/Brazil/MG-LBI989/2021|2021-09-07",""
"hCoV-19/Brazil/MG-LBI990/2021|2021-09-06",""
"hCoV-19/Brazil/MG-LBI991/2021|2021-09-08",""
"hCoV-19/Brazil/MG-LBI992/2021|2021-09-08",""
"hCoV-19/Brazil/MG-LBI993/2021|2021-09-09",""
"hCoV-19/Brazil/MG-LBI994/2021|2021-09-09",""
"hCoV-19/Brazil/MG-LBI995/2021|2021-09-10",""
"hCoV-19/Brazil/MG-LBI996/2021|2021-09-10",""
"hCoV-19/Brazil/MG-LBI997/2021|2021-09-10",""
"hCoV-19/Brazil/MG-LBI998/2021|2021-09-08",""
"hCoV-19/Brazil/MG-LBI999/2021|2021-09-08",""
